Fiscal_Year,From_Month,To_Month,Created_User,Created_DT,Updated_User,Updated_DT
FY1,JUN,May,DSAI User,2024-01-24 10:00:00,DSAI User,2024-01-24 10:00:00
FY2,JUN,May,DSAI User,2024-01-24 10:00:00,DSAI User,2024-01-24 10:00:00
FY3,JUN,May,DSAI User,2024-01-24 10:00:00,DSAI User,2024-01-24 10:00:00
FY4,JUN,May,DSAI User,2024-01-24 10:00:00,DSAI User,2024-01-24 10:00:00
FY5,JUN,May,DSAI User,2024-01-24 10:00:00,DSAI User,2024-01-24 10:00:00
FY6,JUN,May,DSAI User,2024-01-24 10:00:00,DSAI User,2024-01-24 10:00:00
FY7,JUN,May,DSAI User,2024-01-24 10:00:00,DSAI User,2024-01-24 10:00:00
FY8,JUN,May,DSAI User,2024-01-24 10:00:00,DSAI User,2024-01-24 10:00:00
FY9,JUN,May,DSAI User,2024-01-24 10:00:00,DSAI User,2024-01-24 10:00:00
FY10,JUN,May,DSAI User,2024-01-24 10:00:00,DSAI User,2024-01-24 10:00:00
FY11,JUN,May,DSAI User,2024-01-24 10:00:00,DSAI User,2024-01-24 10:00:00
FY12,JUN,May,DSAI User,2024-01-24 10:00:00,DSAI User,2024-01-24 10:00:00
FY13,JUN,May,DSAI User,2024-01-24 10:00:00,DSAI User,2024-01-24 10:00:00
FY14,JUN,May,DSAI User,2024-01-24 10:00:00,DSAI User,2024-01-24 10:00:00
FY15,JUN,May,DSAI User,2024-01-24 10:00:00,DSAI User,2024-01-24 10:00:00
FY16,JUN,May,DSAI User,2024-01-24 10:00:00,DSAI User,2024-01-24 10:00:00
FY17,JUN,May,DSAI User,2024-01-24 10:00:00,DSAI User,2024-01-24 10:00:00
FY18,JUN,May,DSAI User,2024-01-24 10:00:00,DSAI User,2024-01-24 10:00:00
FY19,JUN,May,DSAI User,2024-01-24 10:00:00,DSAI User,2024-01-24 10:00:00
FY20,JUN,May,DSAI User,2024-01-24 10:00:00,DSAI User,2024-01-24 10:00:00
