Period ,Month,Created_User,Created_DT,Updated_User,Updated_DT
1,JUN,DSAI User,2024-01-23 10:00:00,DSAI User,23-01-2024 10:00
2,JUL,DSAI User,2024-01-23 10:00:00,DSAI User,23-01-2024 10:00
3,AUG,DSAI User,2024-01-23 10:00:00,DSAI User,23-01-2024 10:00
4,SEP,DSAI User,2024-01-23 10:00:00,DSAI User,23-01-2024 10:00
5,OCT,DSAI User,2024-01-23 10:00:00,DSAI User,23-01-2024 10:00
6,NOV,DSAI User,2024-01-23 10:00:00,DSAI User,23-01-2024 10:00
7,DEC,DSAI User,2024-01-23 10:00:00,DSAI User,23-01-2024 10:00
8,JAN,DSAI User,2024-01-23 10:00:00,DSAI User,23-01-2024 10:00
9,FEB,DSAI User,2024-01-23 10:00:00,DSAI User,23-01-2024 10:00
10,MAR,DSAI User,2024-01-23 10:00:00,DSAI User,23-01-2024 10:00
11,APR,DSAI User,2024-01-23 10:00:00,DSAI User,23-01-2024 10:00
12,MAY,DSAI User,2024-01-23 10:00:00,DSAI User,23-01-2024 10:00
